ID,Nombre,Edad
1,Nombre_1,26
2,Nombre_2,65
3,Nombre_3,26
4,Nombre_4,51
5,Nombre_5,47
6,Nombre_6,26
7,Nombre_7,69
8,Nombre_8,37
9,Nombre_9,20
10,Nombre_10,50
11,Nombre_11,48
12,Nombre_12,50
13,Nombre_13,31
14,Nombre_14,34
15,Nombre_15,40
16,Nombre_16,51
17,Nombre_17,34
18,Nombre_18,32
19,Nombre_19,37
20,Nombre_20,49
21,Nombre_21,45
22,Nombre_22,21
23,Nombre_23,21
24,Nombre_24,64
25,Nombre_25,20
26,Nombre_26,52
27,Nombre_27,51
28,Nombre_28,30
29,Nombre_29,68
30,Nombre_30,29
31,Nombre_31,45
32,Nombre_32,47
33,Nombre_33,69
34,Nombre_34,26
35,Nombre_35,45
36,Nombre_36,37
37,Nombre_37,66
38,Nombre_38,24
39,Nombre_39,54
40,Nombre_40,50
41,Nombre_41,47
42,Nombre_42,65
43,Nombre_43,65
44,Nombre_44,61
45,Nombre_45,40
46,Nombre_46,28
47,Nombre_47,48
48,Nombre_48,46
49,Nombre_49,46
50,Nombre_50,64
51,Nombre_51,42
52,Nombre_52,45
53,Nombre_53,29
54,Nombre_54,69
55,Nombre_55,56
56,Nombre_56,51
57,Nombre_57,41
58,Nombre_58,34
59,Nombre_59,57
60,Nombre_60,55
61,Nombre_61,22
62,Nombre_62,63
63,Nombre_63,57
64,Nombre_64,34
65,Nombre_65,55
66,Nombre_66,52
67,Nombre_67,67
68,Nombre_68,49
69,Nombre_69,28
70,Nombre_70,58
71,Nombre_71,21
72,Nombre_72,65
73,Nombre_73,58
74,Nombre_74,27
75,Nombre_75,47
76,Nombre_76,59
77,Nombre_77,54
78,Nombre_78,24
79,Nombre_79,25
80,Nombre_80,39
81,Nombre_81,66
82,Nombre_82,27
83,Nombre_83,48
84,Nombre_84,42
85,Nombre_85,69
86,Nombre_86,31
87,Nombre_87,20
88,Nombre_88,23
89,Nombre_89,32
90,Nombre_90,57
91,Nombre_91,32
92,Nombre_92,41
93,Nombre_93,43
94,Nombre_94,41
95,Nombre_95,22
96,Nombre_96,27
97,Nombre_97,47
98,Nombre_98,56
99,Nombre_99,24
100,Nombre_100,29
